Repo,Type,Status
[soz-live](/repos/soz-live.html),Private,Beta
[soz-macro](/repos/soz-macro.html),Private,Beta
[soz-files](/repos/soz-files.html),Private,Beta
[soz-odbx](/repos/soz-odbx.html),Private,Beta
[soz-history](/repos/soz-history.html),Private,Beta
[soz-misc](/repos/soz-misc.html),Private,Beta
[soz-random](/repos/soz-random.html),Private,Beta
[soz-aec](/repos/soz-aec.html),Private,Beta
[soz-bsys](/repos/soz-bsys.html),Private,Beta
[soz-structural](/repos/soz-structural.html),Private,Beta
[soz-rigging](/repos/soz-rigging.html),Private,Beta
[soz-slings](/repos/soz-slings.html),Private,Beta
[soz-animate](/repos/soz-animate.html),Private,Alpha
[soz-devs](/repos/soz-devs.html),Private,Beta
